Date,Sentiment Score,Close,Postive tweets,Negative tweets,Greed and fear score,Emotion Classification,Unique Address Count,Daily Transactions,Market Cap
01/04/2018,-1,379.606995,2171,2548,16,Extreme Fear,242924,545141,37892461913
02/04/2018,-1,386.424988,2603,3219,11,Extreme Fear,273669,598505,38071594417
03/04/2018,-1,416.893005,2724,3464,22,Extreme Fear,297313,645977,39862448116
04/04/2018,-1,380.542999,2622,3152,22,Extreme Fear,278604,628441,38662861077
05/04/2018,-1,383.231995,2356,3371,17,Extreme Fear,323318,695871,37337281864
06/04/2018,-1,370.285004,2407,3062,19,Extreme Fear,297370,647981,36798291024
07/04/2018,-1,385.313995,2105,2532,20,Extreme Fear,257955,535865,37798560308
08/04/2018,-1,400.507996,1894,2777,17,Extreme Fear,277445,595733,38923798688
09/04/2018,-1,398.526001,2498,3159,21,Extreme Fear,300919,609799,40029940831
10/04/2018,-1,414.243011,2733,3137,18,Extreme Fear,274869,571388,39880041281
11/04/2018,-1,430.540009,2633,3198,20,Extreme Fear,283631,609102,41322177149
12/04/2018,-1,492.94101,2864,3400,18,Extreme Fear,320576,692606,44194104227
13/04/2018,-1,492.734985,2531,3230,23,Extreme Fear,325286,730344,49839063384
14/04/2018,-1,501.477997,1955,2587,26,Fear,275453,611188,49208057246
15/04/2018,-1,531.702026,2072,2637,24,Extreme Fear,281542,619985,51373281513
16/04/2018,-1,511.147003,2403,3271,25,Extreme Fear,299241,664402,50536169896
17/04/2018,-1,502.894012,2558,3243,26,Fear,319361,742823,50444969683
18/04/2018,-1,524.789001,2572,3534,32,Fear,304728,703293,50765986722
19/04/2018,-1,567.888977,2755,3680,31,Fear,337828,814318,53657618484
20/04/2018,-1,615.718018,2312,3151,28,Fear,354452,832220,57548574485
21/04/2018,-1,605.39502,1970,3413,29,Fear,363413,746104,59835450921
22/04/2018,-1,621.859985,1995,3056,64,Greed,377403,748858,61568028046
23/04/2018,-1,642.547974,2340,3249,47,Neutral,400340,802870,63100594359
24/04/2018,-1,708.15802,2552,3116,55,Greed,398806,816357,68183026314
25/04/2018,-1,615.416016,2415,2829,54,Neutral,354255,799014,63954270395
26/04/2018,-1,662.809021,2248,2791,61,Greed,348776,793873,62796525507
27/04/2018,-1,647.031982,2146,2618,59,Greed,333756,764479,65827532007
28/04/2018,-1,683.677979,1828,2387,56,Greed,336485,775321,66841062368
29/04/2018,-1,688.880981,1729,2316,52,Neutral,311137,756651,68013904627
30/04/2018,-1,669.924011,2119,2574,55,Greed,351507,778133,67752744168
01/05/2018,-1,673.612976,2120,2910,56,Greed,318286,713839,65340259359
02/05/2018,-1,687.148987,2359,2897,63,Greed,354323,787722,67527370600
03/05/2018,-1,779.54303,2622,3035,67,Greed,386469,839586,72796665546
04/05/2018,-1,785.624023,2397,2796,56,Greed,638527,1000526,77225520650
05/05/2018,-1,816.119995,1968,2644,62,Greed,389457,789261,80368536218
06/05/2018,-1,792.310974,1966,2698,53,Neutral,367166,691273,78754802529
07/05/2018,-1,753.724976,2277,2997,63,Greed,396945,789863,73835285790
08/05/2018,-1,752.856995,2391,2903,41,Fear,395701,820098,74755611985
09/05/2018,-1,752.275024,2529,2805,44,Fear,383316,831127,73702070594
10/05/2018,-1,727.276978,2418,2978,40,Fear,384352,854827,75061213834
11/05/2018,-1,679.585999,2439,3013,40,Fear,381229,826099,69558655147
12/05/2018,-1,686.047974,2173,2551,40,Fear,372004,788487,66899013556
13/05/2018,-1,733.495972,2268,2390,32,Fear,350874,762439,70412805014
14/05/2018,-1,730.549011,2654,2997,31,Fear,389530,801788,71798973638
15/05/2018,-1,708.870972,2629,3202,37,Fear,394959,779210,72165885703
16/05/2018,-1,707.049988,2631,3286,31,Fear,404851,807257,69137721474
17/05/2018,-1,672.656982,2653,3138,32,Fear,405109,835761,69885130966
18/05/2018,-1,694.367004,2589,2993,41,Fear,407182,831831,67658236226
19/05/2018,-1,696.530029,2455,2600,30,Fear,419001,846288,69459689556
20/05/2018,-1,715.369019,2120,2572,26,Fear,376988,777283,70840987243
21/05/2018,-1,699.221985,2472,2933,27,Fear,389891,802211,70588132160
22/05/2018,-1,647.741028,2502,3109,25,Extreme Fear,417019,822409,68102624162
23/05/2018,-1,583.585022,2587,2996,23,Extreme Fear,401871,833377,61568862908
24/05/2018,-1,601.755005,2438,3037,19,Extreme Fear,410529,811167,58948874002
25/05/2018,-1,586.734009,2485,3055,22,Extreme Fear,386640,800838,59298525234
26/05/2018,-1,587.280029,2226,3069,16,Extreme Fear,370234,761932,59582565709
27/05/2018,-1,572.66803,1969,2694,38,Fear,393679,776024,57470479639
28/05/2018,-1,516.036011,2416,2919,25,Extreme Fear,438416,861002,53936295465
29/05/2018,-1,565.388,2662,3047,24,Extreme Fear,401388,812183,54375828297
30/05/2018,-1,559.590027,2772,3100,27,Fear,404789,817167,56277284447
31/05/2018,-1,577.64502,2801,2841,40,Fear,410576,832842,57046278458
01/06/2018,-1,580.04303,2594,2859,41,Fear,365994,758242,57547503786
02/06/2018,-1,591.807983,2196,2475,26,Fear,394146,768017,58665001497
03/06/2018,-1,618.328979,2149,2555,42,Fear,408190,809997,61011806986
04/06/2018,-1,592.984985,2610,2734,38,Fear,388906,807165,60146815779
05/06/2018,-1,609.302979,2583,2892,40,Fear,374315,780654,59479304098
06/06/2018,-1,607.124023,2776,2875,39,Fear,368497,754070,60606851710
07/06/2018,-1,605.187012,2832,2879,24,Extreme Fear,395149,775828,60877374970
08/06/2018,-1,601.077026,2449,2763,15,Extreme Fear,357936,720017,60148826885
09/06/2018,1,597.562012,2312,2280,19,Extreme Fear,382920,769427,60299210592
10/06/2018,-1,526.479004,2255,2316,19,Extreme Fear,388785,771280,56212708067
11/06/2018,-1,533.283997,2549,2660,17,Extreme Fear,384748,768985,52693479136
12/06/2018,-1,496.842987,2630,2944,26,Fear,337754,770199,52259829715
13/06/2018,1,477.493988,2633,2558,22,Extreme Fear,358452,797637,48255297017
14/06/2018,-1,519.742004,2610,2707,23,Extreme Fear,362152,765916,49212729169
15/06/2018,-1,491.003998,2303,2426,27,Fear,378228,763803,50327027632
16/06/2018,-1,499.641998,1871,1953,32,Fear,299073,639775,49585579639
17/06/2018,-1,500.447998,1867,1996,34,Fear,316567,648548,50160792223
18/06/2018,-1,518.890991,2261,2404,37,Fear,329956,695753,50194787041
19/06/2018,-1,537.95697,2429,2607,28,Fear,364512,778765,52781273295
20/06/2018,-1,536.268005,2249,2418,17,Extreme Fear,375823,803076,52965463123
21/06/2018,-1,527.367004,2373,2450,15,Extreme Fear,369142,752035,53438680097
22/06/2018,1,465.816986,2318,2293,16,Extreme Fear,374568,770457,49382997027
23/06/2018,-1,474.519989,1759,1991,21,Extreme Fear,330059,675918,47238050791
24/06/2018,-1,457.671997,1770,1852,18,Extreme Fear,341625,671994,45241983876
25/06/2018,-1,460.309998,2207,2304,20,Extreme Fear,479604,837265,45747307043
26/06/2018,-1,432.772003,2206,2478,16,Extreme Fear,366154,732170,45094329704
27/06/2018,1,442.36499,2274,2252,22,Extreme Fear,375754,771938,43426450147
28/06/2018,1,422.36499,2240,2226,27,Fear,387761,744784,43628585491
29/06/2018,-1,436.009003,2123,2270,27,Fear,367634,735092,41830776805
30/06/2018,-1,455.179993,1940,2063,31,Fear,249734,632981,45114935991
01/07/2018,1,453.917999,1646,1634,33,Fear,194680,622633,45414166374
02/07/2018,-1,475.346985,2061,2065,37,Fear,233290,489559,46157289019
03/07/2018,-1,464.195007,2010,2814,34,Fear,229397,573532,47420973348
04/07/2018,-1,467.317993,2166,2902,34,Fear,227125,447112,46884947969
05/07/2018,-1,474.411987,2052,2345,38,Fear,248750,527586,47241357094
06/07/2018,-1,474.011993,2123,2311,39,Fear,216614,459075,46880416546
07/07/2018,-1,491.660004,1747,1891,37,Fear,213953,484105,47064997316
08/07/2018,1,489.118988,1897,1718,29,Fear,268811,631505,48903857394
09/07/2018,1,476.682007,2172,2164,33,Fear,285438,651926,48368366393
10/07/2018,1,434.424011,2387,2262,29,Fear,287127,691771,45261407980
11/07/2018,-1,446.518005,2242,2243,29,Fear,266502,643920,44107692712
12/07/2018,1,430.074005,2232,2160,32,Fear,250056,566058,43667935872
13/07/2018,1,434.027008,2157,1896,36,Fear,233407,563317,43910576539
14/07/2018,1,436.085999,1634,1615,39,Fear,226291,508951,43653752824
15/07/2018,-1,449.850006,1476,1516,42,Fear,225376,453706,44574454334
16/07/2018,-1,480.65799,1935,1987,44,Fear,328178,703999,46566700036
17/07/2018,-1,501.002014,2017,2161,47,Neutral,337052,701292,48241467250
18/07/2018,1,480.513,1998,1893,43,Fear,390950,746145,49804422593
19/07/2018,-1,469.618988,2072,2145,46,Fear,358454,734702,47687080550
20/07/2018,-1,450.697998,1874,1955,44,Fear,329711,671608,46296259524
21/07/2018,-1,462.436005,1524,1661,49,Neutral,281166,620634,46333480836
22/07/2018,-1,459.657013,1324,1583,54,Neutral,323244,675356,46764625742
23/07/2018,-1,450.852997,1870,1916,53,Neutral,385356,758657,46315371523
24/07/2018,-1,479.372986,2014,2147,47,Neutral,408341,784910,47088684370
25/07/2018,-1,472.493011,1976,2223,54,Neutral,409874,787527,47939865365
26/07/2018,-1,464.036987,1973,2200,54,Neutral,368305,725630,48019607222
27/07/2018,-1,469.665985,1638,2071,53,Neutral,402720,788715,46948839283
28/07/2018,-1,466.89801,1450,2194,48,Neutral,361597,703973,47225740006
29/07/2018,-1,466.665009,1288,1427,39,Fear,350971,716354,47062024698
30/07/2018,-1,457.080994,1767,1943,39,Fear,368815,757712,46450589651
31/07/2018,-1,433.867004,1843,1942,36,Fear,367697,745063,44588264744
01/08/2018,-1,420.747009,1766,1797,31,Fear,368594,757758,42567097400
02/08/2018,1,412.621002,1680,1671,23,Extreme Fear,363700,779928,42062667353
03/08/2018,1,418.261993,1722,1627,25,Extreme Fear,387948,753190,41482670593
04/08/2018,-1,407.252014,1274,1370,25,Extreme Fear,335532,720548,41687247804
05/08/2018,1,410.515991,1207,1179,23,Extreme Fear,315435,704249,41159798145
06/08/2018,1,406.65799,1689,1623,19,Extreme Fear,342890,699536,41245737226
07/08/2018,-1,380.214996,1772,1804,21,Extreme Fear,310987,636342,40834156498
08/08/2018,-1,356.613007,1702,1826,18,Extreme Fear,272401,565663,37161067100
09/08/2018,-1,365.588013,1707,1737,18,Extreme Fear,264337,538530,36657269358
10/08/2018,1,334.175995,1804,1601,21,Extreme Fear,300801,613892,36199539888
11/08/2018,-1,322.112,1405,1426,16,Extreme Fear,327442,657312,32408799866
12/08/2018,1,319.570007,1232,1148,18,Extreme Fear,325901,641927,32699646290
13/08/2018,1,286.494995,1691,1609,21,Extreme Fear,342714,694941,31385941902
14/08/2018,-1,278.932007,1872,1916,19,Extreme Fear,325296,690348,26841239486
15/08/2018,1,282.364014,1810,1724,24,Extreme Fear,318019,648565,29182427348
16/08/2018,1,288.04599,1718,1701,27,Fear,345016,716732,29286613407
17/08/2018,-1,315.729004,1668,1723,26,Fear,301691,607270,30478993015
18/08/2018,-1,295.812012,1304,1345,19,Extreme Fear,294918,627522,30835629193
19/08/2018,-1,300.834015,1258,1261,21,Extreme Fear,289103,599660,30253132820
20/08/2018,-1,274.315002,1577,1605,18,Extreme Fear,323289,663769,29720921018
21/08/2018,-1,281.944,1567,1609,19,Extreme Fear,286021,605639,28448962951
22/08/2018,1,271.341003,1648,1596,22,Extreme Fear,295215,594918,28751853299
23/08/2018,-1,277.104004,1536,1652,19,Extreme Fear,292230,599557,27983350392
24/08/2018,1,282.96701,1588,1586,18,Extreme Fear,306331,596227,28275472350
25/08/2018,-1,279.645996,1247,1402,19,Extreme Fear,292298,577239,28605888239
26/08/2018,-1,275.196991,1151,1244,19,Extreme Fear,303181,574072,28027582558
27/08/2018,-1,285.602997,1664,1705,22,Extreme Fear,322122,645935,28302079040
28/08/2018,1,296.498993,1784,1745,17,Extreme Fear,313813,613844,29453773509
29/08/2018,1,289.312012,1801,1723,21,Extreme Fear,258943,546841,29859082921
30/08/2018,-1,284.105011,1890,1942,18,Extreme Fear,276281,592847,28884636897
31/08/2018,1,283.003998,1748,1617,19,Extreme Fear,280263,577258,28733651015
01/09/2018,1,295.341003,1410,1367,26,Fear,310363,656254,29707296009
02/09/2018,-1,294.371002,1208,1320,17,Extreme Fear,318098,620267,30119974516
03/09/2018,1,289.259003,1626,1606,14,Extreme Fear,320342,631429,29607805613
04/09/2018,1,285.722992,1767,1747,17,Extreme Fear,299260,589521,29264912819
05/09/2018,-1,232.330994,1753,1977,18,Extreme Fear,306687,626957,26968974751
06/09/2018,-1,230.214996,1733,1976,13,Extreme Fear,293095,588959,23059869221
07/09/2018,-1,217.203003,1596,1674,15,Extreme Fear,296254,582184,22724841221
08/09/2018,-1,197.951004,1435,1466,18,Extreme Fear,277065,543337,21648068387
09/09/2018,-1,196.923996,1209,1445,14,Extreme Fear,279793,565631,20135225049
10/09/2018,-1,197.078995,1794,1905,20,Extreme Fear,273426,561611,20019631690
11/09/2018,-1,185.065994,1866,1871,23,Extreme Fear,250196,557317,19387248855
12/09/2018,-1,183.330994,1838,2018,24,Extreme Fear,250193,570673,17971380171
13/09/2018,-1,211.354004,1736,1894,28,Fear,266722,555753,20119102239
14/09/2018,1,211.748993,1708,1692,25,Extreme Fear,241301,514394,21734590174
15/09/2018,-1,223.074005,1349,1389,21,Extreme Fear,210966,479695,22291221360
16/09/2018,-1,220.589005,1197,1304,24,Extreme Fear,209731,458432,22251966732
17/09/2018,-1,197.875,1705,1717,24,Extreme Fear,254633,553720,21736997982
18/09/2018,-1,209.975006,1658,1753,31,Fear,225909,500513,20766833142
19/09/2018,-1,209.968994,1545,1653,35,Fear,217448,507255,21387997488
20/09/2018,-1,224.591003,1618,1728,38,Fear,234017,498146,21494446852
21/09/2018,-1,246.584,1649,1722,43,Fear,246240,544686,23448308958
22/09/2018,-1,240.479996,1357,1394,37,Fear,217765,470309,24573478640
23/09/2018,-1,244.330002,1189,1345,37,Fear,215114,468627,24752874948
24/09/2018,1,228.729996,1706,1704,42,Fear,217869,480337,24159071048
25/09/2018,1,218.505005,1784,1705,42,Fear,230534,519108,21938077964
26/09/2018,-1,215.847,1680,1709,37,Fear,215167,493507,21995482323
27/09/2018,-1,228.494003,1653,1677,34,Fear,235021,504047,22387485356
28/09/2018,-1,222.401993,1515,1640,35,Fear,237297,500407,23094374349
29/09/2018,-1,231.634995,1229,1402,33,Fear,201920,434315,23177044577
30/09/2018,-1,232.848007,1219,1264,36,Fear,231317,479351,23794977925
01/10/2018,-1,230.768005,1475,1631,29,Fear,222643,476308,23574231292
02/10/2018,-1,227.181,1411,1575,37,Fear,219857,490262,23382262500
03/10/2018,-1,220.488998,1454,1548,34,Fear,259694,559006,22538760125
04/10/2018,-1,222.218002,1608,1693,29,Fear,269798,559181,22903832825
05/10/2018,1,227.600998,2311,1681,26,Fear,285833,595361,22828685647
06/10/2018,1,225.119995,1701,1433,31,Fear,284751,596865,23120911150
07/10/2018,1,226.119003,1211,1199,28,Fear,231586,497767,22954338811
08/10/2018,-1,229.255005,1514,1764,19,Extreme Fear,251484,542842,23280028745
09/10/2018,-1,227.981995,1582,1805,13,Extreme Fear,255082,537028,23405574994
10/10/2018,-1,225.768997,1747,1810,15,Extreme Fear,246001,516772,23173856811
11/10/2018,-1,189.498993,1715,2020,18,Extreme Fear,260510,570525,20774709273
12/10/2018,-1,196.727005,1447,1813,20,Extreme Fear,255527,562140,20228828848
13/10/2018,-1,199.841003,1227,1473,24,Extreme Fear,252756,541797,20517337738
14/10/2018,-1,195.714996,1108,1451,23,Extreme Fear,237995,511719,20629197905
15/10/2018,-1,209.703995,1820,2019,26,Fear,268108,562011,21292817592
16/10/2018,-1,210.119995,1987,2180,24,Extreme Fear,276793,575450,21405654566
17/10/2018,-1,207.082993,1828,1903,21,Extreme Fear,283209,580354,21265854799
18/10/2018,-1,203.352005,1549,1667,21,Extreme Fear,269713,565791,21013979618
19/10/2018,-1,203.727005,1474,1624,27,Fear,264054,601119,20806564712
20/10/2018,1,205.429993,1336,1328,24,Extreme Fear,255542,534080,20946676379
21/10/2018,-1,205.141998,1181,1214,23,Extreme Fear,244530,508014,21092060752
22/10/2018,-1,204.044006,1743,1840,25,Extreme Fear,284592,577314,20898249208
23/10/2018,-1,204.335999,1842,1843,29,Fear,271429,556231,20694438642
24/10/2018,1,203.852005,2024,1732,33,Fear,273468,532709,20748507917
25/10/2018,1,202.718994,1734,1680,35,Fear,260627,537236,20590824653
26/10/2018,-1,203.328995,1504,1563,34,Fear,269457,551218,20621810285
27/10/2018,1,204.210007,1316,1255,31,Fear,245069,499165,20693334648
28/10/2018,-1,205.365997,1088,1142,32,Fear,247335,509862,20725512989
29/10/2018,-1,197.246994,1528,1577,31,Fear,293856,614695,20399576158
30/10/2018,-1,197.556,1451,1644,30,Fear,302838,608397,20072428598
31/10/2018,-1,197.380997,1805,1831,29,Fear,295978,585707,20119139863
01/12/2018,-1,118.635559,925,1169,13,Extreme Fear,216397,525757,12050524753
02/12/2018,-1,116.388901,802,959,15,Extreme Fear,208558,492410,12193607224
03/12/2018,-1,108.925018,1170,1380,17,Extreme Fear,223148,548100,11634635697
04/12/2018,-1,110.214188,1188,1378,12,Extreme Fear,217979,565202,11490374544
05/12/2018,-1,102.475555,1250,1499,19,Extreme Fear,235788,595937,11111974918
06/12/2018,-1,91.761055,1172,1479,13,Extreme Fear,232183,590923,10398736936
07/12/2018,-1,93.294563,1135,1488,11,Extreme Fear,246293,572417,9111492773
08/12/2018,-1,92.159637,869,1069,11,Extreme Fear,259985,552651,9430951389
09/12/2018,-1,95.142059,749,1003,14,Extreme Fear,229165,507555,9659445373
10/12/2018,-1,91.685654,1109,1303,19,Extreme Fear,254919,555379,9521444940
11/12/2018,-1,88.945305,1188,1390,15,Extreme Fear,221500,536006,9226118747
12/12/2018,-1,90.5933,1178,1375,14,Extreme Fear,222636,533920,9306758361
13/12/2018,-1,86.539314,1134,1473,14,Extreme Fear,224605,565689,9274849824
14/12/2018,-1,84.308296,1186,1499,10,Extreme Fear,225717,567306,8909845923
15/12/2018,-1,84.440811,1016,1127,11,Extreme Fear,232086,551916,8727698065
16/12/2018,-1,85.2621,790,1032,13,Extreme Fear,235005,516697,8982134746
17/12/2018,-1,95.133827,1286,1505,17,Extreme Fear,236333,570051,9272565824
18/12/2018,-1,101.112457,1162,1371,23,Extreme Fear,223395,556320,9774794621
19/12/2018,-1,101.268578,1304,1482,21,Extreme Fear,245097,597824,10699624622
20/12/2018,-1,116.216873,1327,1471,27,Fear,246086,602429,11181152194
21/12/2018,-1,109.496231,1161,1373,35,Fear,241999,606526,11744266739
22/12/2018,-1,116.759499,854,1072,28,Fear,202438,495551,11512578145
23/12/2018,-1,130.765259,942,1057,31,Fear,227784,543655,13334099175
24/12/2018,-1,140.238007,1140,1288,25,Extreme Fear,252832,615551,15087862663
25/12/2018,-1,129.844345,776,989,33,Fear,227288,535001,13411262279
26/12/2018,-1,131.865631,995,1152,26,Fear,233172,560047,13581327931
27/12/2018,-1,116.575912,1077,1225,29,Fear,238363,548411,12951157412
28/12/2018,-1,137.647018,1013,1118,21,Extreme Fear,248362,572189,12834457477
29/12/2018,-1,138.018341,932,1044,24,Extreme Fear,242319,543746,14328676480
30/12/2018,-1,139.859451,778,914,23,Extreme Fear,207808,460395,14311540541
31/12/2018,1,133.368256,1027,941,26,Fear,226013,522040,14188655609
01/01/2019,1,140.819412,853,764,24,Extreme Fear,201242,448168,14154722973
02/01/2019,-1,155.047684,1146,1271,30,Fear,240316,589959,15436018866
03/01/2019,-1,149.13501,1219,1279,33,Fear,259752,596620,15773702814
04/01/2019,-1,154.58194,1142,1163,48,Neutral,228945,549398,15916923587
05/01/2019,1,155.638596,1111,994,36,Fear,216107,511189,16543757449
06/01/2019,1,157.746201,983,961,31,Fear,221028,487372,16210971858
07/01/2019,1,151.699219,1345,1324,39,Fear,249640,550964,16106642167
08/01/2019,-1,150.359634,1341,1388,39,Fear,246656,553367,15724542525
09/01/2019,-1,150.803116,1229,1319,42,Fear,248538,558847,15818901610
10/01/2019,-1,128.625183,1251,1353,37,Fear,243553,582839,14270710423
11/01/2019,-1,127.548325,1202,1298,19,Extreme Fear,235447,541838,13347572423
12/01/2019,-1,125.96653,856,1045,22,Extreme Fear,189309,452707,13324869608
13/01/2019,-1,116.897804,830,1036,21,Extreme Fear,198740,481347,12866093634
14/01/2019,-1,129.068726,1236,1358,16,Extreme Fear,271125,577239,12762336253
15/01/2019,-1,122.032715,1371,1470,27,Fear,245116,539896,13343573654
16/01/2019,-1,123.547066,1516,1676,24,Extreme Fear,216883,507687,12938761508
17/01/2019,-1,123.74192,1343,1453,28,Fear,216437,517082,12829077742
18/01/2019,-1,121.010262,1215,1497,29,Fear,217354,538899,12770017886
19/01/2019,-1,124.51902,968,1136,31,Fear,208201,539125,12912719550
20/01/2019,-1,119.474831,845,976,35,Fear,196352,537705,12702948093
21/01/2019,-1,117.157852,1124,1280,30,Fear,215040,582751,12344129976
22/01/2019,-1,118.747551,1152,1442,27,Fear,207146,605558,12373656811
23/01/2019,-1,117.452606,1112,1387,33,Fear,215198,533819,12422052867
24/01/2019,-1,117.362885,1156,1434,37,Fear,209817,520130,12260562978
25/01/2019,-1,116.378342,1023,1292,35,Fear,213051,504903,12192446280
26/01/2019,-1,116.488739,810,1079,41,Fear,196601,464380,12197252003
27/01/2019,-1,113.405289,688,1004,39,Fear,201501,488814,12020890198
28/01/2019,-1,106.589973,986,1481,35,Fear,242450,568564,11181465186
29/01/2019,-1,105.598213,1099,1571,21,Extreme Fear,219778,566026,11027619400
30/01/2019,-1,108.907539,1054,1529,22,Extreme Fear,208898,555347,11202460232
31/01/2019,-1,107.061012,1092,1531,17,Extreme Fear,208575,517057,11281306481
01/02/2019,-1,107.609787,966,1388,23,Extreme Fear,204710,498856,11120281570
02/02/2019,-1,110.43026,711,1174,22,Extreme Fear,183802,450314,11243207420
03/02/2019,-1,107.492668,584,1063,19,Extreme Fear,169639,424378,11328230899
04/02/2019,-1,107.821602,958,1362,27,Fear,166444,416394,11252763946
05/02/2019,-1,107.44352,949,1388,21,Extreme Fear,168852,414815,11228287339
06/02/2019,-1,104.919289,1070,1485,14,Extreme Fear,173441,429065,10883934061
07/02/2019,-1,104.535301,1014,1486,18,Extreme Fear,169031,428676,10947940365
08/02/2019,-1,119.267746,995,1356,37,Fear,186134,471952,11498561518
09/02/2019,-1,119.430885,724,1262,42,Fear,170698,417129,12393389013
10/02/2019,-1,124.806488,701,983,40,Fear,157443,381151,12352114121
11/02/2019,-1,121.298393,1016,1462,46,Fear,179265,429007,12618644326
12/02/2019,-1,122.572289,1041,1395,38,Fear,184724,438111,12594604580
13/02/2019,-1,122.553604,1173,1475,48,Neutral,189676,491354,12774386041
14/02/2019,-1,121.390205,1130,1597,48,Neutral,189326,474782,12732648563
15/02/2019,-1,122.100388,1044,1378,43,Fear,193086,468599,12711438782
16/02/2019,-1,123.260216,811,1083,43,Fear,183084,454309,12823337030
17/02/2019,-1,133.598877,800,1044,38,Fear,178009,447945,13108003603
18/02/2019,-1,146.098373,1277,1462,63,Greed,225128,512455,14618016139
19/02/2019,-1,145.346191,1215,1515,65,Greed,221282,533602,15277501085
20/02/2019,-1,149.554337,1267,1419,59,Greed,204143,530268,15084206597
21/02/2019,-1,146.130844,1122,1245,59,Greed,195510,544817,15119306071
22/02/2019,-1,149.092453,1041,1157,61,Greed,200174,530839,15284520962
23/02/2019,-1,158.795425,785,946,63,Greed,190617,476225,15762723878
24/02/2019,-1,135.852661,806,948,69,Greed,203517,540201,16104292103
25/02/2019,-1,139.822861,1022,1214,47,Neutral,210843,573756,14619979385
26/02/2019,-1,138.089676,1085,1244,40,Fear,210536,553925,14448206785
27/02/2019,-1,136.125961,1060,1215,39,Fear,215537,539516,14435122003
28/02/2019,-1,136.746246,1223,1303,39,Fear,222464,541458,14392773362
01/03/2019,-1,136.443619,1100,1274,42,Fear,226903,547622,14348716039
02/03/2019,-1,134.206955,783,986,41,Fear,209048,526912,14085736902
03/03/2019,-1,132.24942,736,875,44,Fear,195215,492382,14086451188
04/03/2019,-1,127.774124,998,1234,36,Fear,228703,620211,13484281408
05/03/2019,-1,137.822388,1089,1250,35,Fear,227650,598085,13843854593
06/03/2019,-1,138.789352,1004,1186,42,Fear,226990,578932,14427088460
07/03/2019,-1,138.0345,1029,1334,56,Greed,226430,572685,14500751713
08/03/2019,-1,135.127075,948,1152,54,Neutral,227294,562361,14358878338
09/03/2019,-1,137.965332,746,999,55,Greed,225885,555854,14333561143
10/03/2019,-1,136.758682,768,901,55,Greed,191094,484038,14243614418
11/03/2019,-1,133.83403,1041,1329,56,Greed,207488,536412,14050581724
12/03/2019,-1,134.442886,1185,1409,56,Greed,228995,564306,14045900817
13/03/2019,-1,133.263077,1153,1500,54,Neutral,221923,573281,14010890705
14/03/2019,-1,133.711594,1104,1401,55,Greed,229351,573828,13983024790
15/03/2019,-1,137.691788,1021,1295,55,Greed,215939,553012,14224316371
16/03/2019,-1,142.398178,863,1086,54,Neutral,194194,504183,14863342633
17/03/2019,-1,140.000549,763,1008,58,Greed,203611,494872,14693386329
18/03/2019,-1,139.374603,933,1132,56,Greed,230509,573940,14653575236
19/03/2019,-1,140.519196,915,1150,56,Greed,235541,635940,14653436512
20/03/2019,-1,140.686356,898,1137,55,Greed,231451,630313,14621491176
21/03/2019,-1,136.636063,976,1137,62,Greed,218233,618318,14614344964
22/03/2019,-1,137.181442,828,1165,56,Greed,221901,628700,14452124733
23/03/2019,-1,138.239868,772,1115,50,Neutral,205414,561778,14531879114
24/03/2019,-1,136.986923,671,920,44,Fear,202948,549073,14512392043
25/03/2019,-1,135.031021,894,1189,46,Fear,256346,648670,14387471162
26/03/2019,-1,135.460358,894,1175,43,Fear,244908,629010,14257365164
27/03/2019,-1,140.988159,913,1192,44,Fear,232654,625948,14616212939
28/03/2019,-1,139.416473,944,1115,49,Neutral,242150,634367,14704623069
29/03/2019,-1,142.497421,917,1157,50,Neutral,236469,640352,14881551531
30/03/2019,-1,142.092682,833,1085,57,Greed,232552,667967,15212704239
31/03/2019,-1,141.514099,668,933,56,Greed,221983,646230,15186136102
01/04/2019,-1,141.830322,820,1189,62,Greed,280846,687574,15234486011
02/04/2019,-1,163.961746,1054,1237,60,Greed,313817,758900,16187664540
03/04/2019,-1,161.458801,1091,1263,71,Greed,294028,746605,17859878670
04/04/2019,-1,158.052536,1045,1235,61,Greed,261752,673520,16965944622
05/04/2019,-1,165.514847,992,1276,59,Greed,253156,621924,17204877178
06/04/2019,-1,165.947205,865,1119,65,Greed,223399,559039,17486819354
07/04/2019,-1,174.531647,853,1137,69,Greed,234639,572886,17859931574
08/04/2019,-1,180.25882,1212,1315,65,Greed,264757,668000,19128037721
09/04/2019,-1,176.114578,1072,1280,64,Greed,265719,656914,18807179811
10/04/2019,-1,177.337479,1064,1238,62,Greed,251030,674070,19054505628
11/04/2019,-1,165.497025,1075,1304,65,Greed,285567,729032,17822966785
12/04/2019,-1,164.736328,1074,1306,42,Fear,298897,694793,17475050810
13/04/2019,-1,164.513351,913,1055,62,Greed,250838,614291,17485776237
14/04/2019,-1,167.838516,827,1047,51,Neutral,206936,551055,17484818381
15/04/2019,-1,161.574173,1046,1217,60,Greed,250824,622058,17654815289
16/04/2019,-1,167.623444,1091,1278,50,Neutral,248545,656461,17473626026
17/04/2019,-1,166.95076,1174,1254,61,Greed,255422,681896,17790571971
18/04/2019,-1,173.814026,1207,1307,64,Greed,259251,697650,18337142946
19/04/2019,-1,173.708435,1040,1170,61,Greed,283516,693183,18383498908
20/04/2019,-1,173.751266,914,1038,62,Greed,334013,686824,18517416069
21/04/2019,-1,170.046524,836,1011,62,Greed,271588,631190,18202549426
22/04/2019,-1,171.874664,1089,1090,61,Greed,285357,719306,18206007697
23/04/2019,-1,171.4478,1264,1380,68,Greed,292291,729268,18519897509
24/04/2019,-1,165.826096,1304,1514,65,Greed,268331,668917,17769606520
25/04/2019,-1,154.459396,1258,1428,58,Greed,254890,680812,17461767603
26/04/2019,-1,156.347092,1154,1170,41,Fear,250912,661061,16439618314
27/04/2019,-1,158.434937,1007,1097,42,Fear,216654,562687,16699171846
28/04/2019,-1,157.295074,876,1020,40,Fear,222821,593482,16826290385
29/04/2019,-1,155.201996,1069,1299,42,Fear,244532,628989,16578188842
30/04/2019,-1,162.166031,1286,1512,42,Fear,265663,707771,16751623685
01/05/2019,-1,160.818344,1121,1387,51,Neutral,265155,703790,17017359115
02/05/2019,-1,162.122787,1220,1300,50,Neutral,226927,626308,17081958194
03/05/2019,-1,167.952408,1094,1336,63,Greed,239884,670882,17552010031
04/05/2019,-1,164.026581,896,1105,66,Greed,220076,623395,17437242140
05/05/2019,-1,163.450699,854,1001,67,Greed,224749,637464,17276155886
06/05/2019,-1,172.653214,1137,1369,57,Greed,247412,706135,17660496004
07/05/2019,-1,169.79866,1306,1437,69,Greed,245550,658146,18655746505
08/05/2019,-1,170.948166,1212,1348,63,Greed,249532,686996,18008689958
09/05/2019,-1,170.289307,1158,1228,69,Greed,255100,718440,18061087995
10/05/2019,-1,173.142746,1106,1305,71,Greed,265936,736762,18418992687
11/05/2019,-1,194.304337,1131,1296,76,Extreme Greed,262147,742337,19842349128
12/05/2019,-1,187.325317,924,1158,75,Greed,252855,715827,20361761123
13/05/2019,-1,196.846283,1231,1400,78,Extreme Greed,289871,758695,20633928402
14/05/2019,-1,217.148575,1339,1407,78,Extreme Greed,320062,830785,21967976432
15/05/2019,-1,247.153061,1292,1428,77,Extreme Greed,336620,847606,24589707328
16/05/2019,-1,264.01001,1318,1514,75,Greed,362643,908208,27709265576
17/05/2019,-1,243.764587,1206,1411,65,Greed,323447,810320,25500894256
18/05/2019,-1,234.59523,934,1252,67,Greed,288235,735420,25470169530
19/05/2019,-1,261.292206,876,1176,70,Greed,282300,752431,26949493951
20/05/2019,-1,251.86441,1210,1362,73,Greed,305207,860161,26632268732
21/05/2019,-1,255.215881,1168,1444,68,Greed,328977,812799,26932522152
22/05/2019,-1,244.698914,1132,1392,69,Greed,305248,873384,27029114500
23/05/2019,-1,245.965668,1208,1339,65,Greed,309980,846724,25826257569
24/05/2019,-1,249.484985,1324,1833,64,Greed,318787,904057,26586715846
25/05/2019,-1,251.759872,939,1728,69,Greed,293269,839949,26909798805
26/05/2019,-1,267.069641,943,1491,67,Greed,287280,763094,27034069110
27/05/2019,-1,272.86264,1265,1693,70,Greed,341835,941733,28730980016
28/05/2019,-1,271.768707,1243,1553,71,Greed,329066,910535,28880334980
29/05/2019,-1,269.455688,1227,1397,71,Greed,330314,947509,28737195215
30/05/2019,-1,255.858948,1295,1421,73,Greed,332460,891907,29378072429
31/05/2019,-1,268.113556,1089,1305,61,Greed,356404,870676,27644064604
01/06/2019,-1,265.391266,865,1066,62,Greed,453438,956751,28613379790
02/06/2019,-1,270.225525,832,914,63,Greed,410509,890894,28734465170
03/06/2019,-1,252.607925,1146,1283,66,Greed,366278,889067,28360504253
04/06/2019,-1,241.338791,1074,1316,42,Fear,327772,891955,26478563525
05/06/2019,-1,247.05101,1077,1216,27,Fear,296171,799392,26154491230
06/06/2019,-1,249.474335,1121,1182,34,Fear,368214,824817,26130205488
07/06/2019,-1,250.930359,956,1053,27,Fear,270675,758454,26590952646
08/06/2019,-1,245.738098,776,961,62,Greed,251606,992653,26469927788
09/06/2019,1,233.0867,942,898,62,Greed,307050,715741,25676752499
10/06/2019,1,247.520126,1280,1167,46,Fear,291296,963694,25632529146
11/06/2019,1,245.78183,1637,1124,61,Greed,357716,930038,26107621666
12/06/2019,1,260.90329,2677,1191,60,Greed,450835,860682,26815702343
13/06/2019,1,256.168793,3234,1148,63,Greed,326375,749758,27770958609
14/06/2019,1,264.087463,2879,1154,67,Greed,317465,825364,27536817287
15/06/2019,1,269.019318,2061,928,75,Greed,310865,938952,28470816896
16/06/2019,1,269.223206,2713,996,80,Extreme Greed,418534,888979,28997580669
17/06/2019,1,274.351105,2673,1290,84,Extreme Greed,296447,944094,28975821341
18/06/2019,1,265.051849,2101,1220,83,Extreme Greed,317144,850016,28644425593
19/06/2019,1,269.431793,2011,1200,82,Extreme Greed,308763,886054,28698655469
20/06/2019,1,271.695007,1687,1302,81,Extreme Greed,287217,985024,28937518872
21/06/2019,1,294.910278,1637,1402,84,Extreme Greed,341967,777627,30698867471
22/06/2019,1,309.38031,1196,1119,83,Extreme Greed,328400,758133,32709231719
23/06/2019,1,307.827789,1074,994,84,Extreme Greed,302063,773499,33270163257
24/06/2019,1,310.424683,1301,1243,80,Extreme Greed,323384,809637,32913914520
25/06/2019,-1,318.126312,1338,1384,87,Extreme Greed,323790,932194,33380108514
26/06/2019,-1,336.753174,1490,1496,95,Extreme Greed,358138,848601,36118168488
27/06/2019,-1,294.267639,1271,1382,92,Extreme Greed,324132,814118,33657053574
28/06/2019,-1,311.226105,1153,1342,62,Greed,299852,1004170,32673746883
29/06/2019,-1,320.058899,946,1194,74,Greed,281218,733337,32918888230
30/06/2019,-1,290.695984,925,1118,78,Extreme Greed,258711,685958,32916978083
01/07/2019,-1,293.641113,1302,1405,65,Greed,293928,951985,31279214158
02/07/2019,-1,291.596436,1197,1351,63,Greed,352011,895054,30504365191
03/07/2019,-1,303.099976,1095,1269,79,Extreme Greed,325321,753227,31481879925
04/07/2019,-1,284.523224,1038,1240,76,Extreme Greed,318175,747514,31513212078
05/07/2019,-1,287.997528,1069,1158,67,Greed,291322,849080,30837441219
06/07/2019,-1,287.547119,1017,1072,72,Greed,269958,754040,31166104346
07/07/2019,-1,305.700562,946,1045,67,Greed,245114,582067,31456437431
08/07/2019,-1,313.251404,1288,1503,74,Greed,298845,809796,32778316674
09/07/2019,-1,308.881012,1249,2321,84,Extreme Greed,319067,771955,33308082856
10/07/2019,-1,290.002319,1362,2320,83,Extreme Greed,303260,736096,32267237232
11/07/2019,-1,268.704041,1312,1720,62,Greed,282704,975288,29300052511
12/07/2019,-1,276.276703,1374,1560,33,Fear,301034,726392,29251905674
13/07/2019,-1,269.458801,1274,1386,65,Greed,241032,587283,28898056926
14/07/2019,-1,227.578064,1060,1229,61,Greed,252370,613490,26942837743
15/07/2019,-1,229.776001,1316,1580,16,Extreme Fear,301200,743294,24208218624
16/07/2019,-1,199.188675,1327,1612,34,Fear,241843,1003278,23384084339
17/07/2019,-1,211.48497,1277,1517,19,Extreme Fear,286567,830029,21982404892
18/07/2019,-1,226.566162,1415,1498,40,Fear,273646,667874,23296975540
19/07/2019,-1,221.33342,1250,1481,42,Fear,270643,815548,23539919857
20/07/2019,-1,229.119217,988,1208,34,Fear,239642,584085,24325440683
21/07/2019,-1,225.630768,1036,1182,42,Fear,217168,522416,24025212573
22/07/2019,-1,217.560013,1392,1394,42,Fear,278790,640666,23668872039
23/07/2019,-1,212.728516,1433,1490,40,Fear,241417,606795,22923646493
24/07/2019,-1,217.046371,1287,1413,20,Extreme Fear,228786,907213,22408137736
25/07/2019,-1,219.617996,1214,1469,42,Fear,233019,949864,23669423006
26/07/2019,-1,219.629608,1326,1443,24,Extreme Fear,258260,640260,23206780099
27/07/2019,-1,207.40831,983,1251,47,Neutral,244359,577697,22875975683
28/07/2019,-1,211.186554,934,1229,16,Extreme Fear,241052,572697,22368429810
29/07/2019,-1,211.268051,1240,1435,19,Extreme Fear,266938,676990,22622007375
30/07/2019,1,210.522598,1622,1421,22,Extreme Fear,302784,715782,22460327773
31/07/2019,-1,218.654144,1335,1470,31,Fear,261034,684284,22939738663
01/08/2019,-1,217.808441,1236,1393,57,Greed,247715,877643,22982406273
02/08/2019,-1,217.871567,1157,1334,61,Greed,269576,768312,23347199635
03/08/2019,-1,222.490341,887,999,61,Greed,226728,783492,23764478421
04/08/2019,-1,222.669724,772,1021,62,Greed,239596,569134,23580112134
05/08/2019,-1,234.215027,1149,1365,64,Greed,302804,718438,24621854573
06/08/2019,-1,226.020645,1123,1415,66,Greed,314606,732052,24556030906
07/08/2019,-1,226.391006,1123,1483,45,Fear,281041,742477,24213499546
08/08/2019,-1,220.941864,1095,1483,61,Greed,275946,692736,23910552732
09/08/2019,-1,210.488907,942,1409,60,Greed,290546,721762,22885675573
10/08/2019,-1,206.733536,806,1063,59,Greed,272786,630929,22420937738
11/08/2019,-1,216.092865,755,1027,45,Fear,241555,582507,22755479571
12/08/2019,-1,211.288071,954,1305,48,Neutral,300812,712949,22850024938
13/08/2019,-1,208.709045,1084,1415,45,Fear,287455,698671,22470160801
14/08/2019,-1,186.607742,1034,1389,11,Extreme Fear,286631,736647,21715959800
15/08/2019,-1,188.50206,1046,1339,13,Extreme Fear,263277,689076,19885604353
16/08/2019,-1,185.440079,981,1332,31,Fear,296649,718875,19914125460
17/08/2019,-1,185.687683,925,1160,20,Extreme Fear,255735,641106,19907762955
18/08/2019,-1,194.49353,925,1105,14,Extreme Fear,243308,627260,20499151466
19/08/2019,-1,203.091934,1159,1452,30,Fear,274854,724461,21348460993
20/08/2019,-1,196.565414,1200,1398,39,Fear,287930,733520,21316796201
21/08/2019,-1,186.891632,1202,1503,11,Extreme Fear,293226,731500,20227387500
22/08/2019,-1,191.332916,1178,1435,5,Extreme Fear,283282,737144,20327465509
23/08/2019,-1,194.706207,1135,1376,33,Fear,293564,733282,20727313886
24/08/2019,-1,191.289566,898,1124,39,Fear,268405,684235,20433343958
25/08/2019,-1,186.842392,801,1067,33,Fear,259689,677260,20314005495
26/08/2019,-1,188.929382,1139,1370,41,Fear,287659,750845,20450496671
27/08/2019,-1,187.516663,1118,1470,30,Fear,290429,748158,20214682719
28/08/2019,-1,173.889969,1221,1510,32,Fear,279699,722262,19750518986
29/08/2019,-1,169.516739,1121,1372,20,Extreme Fear,285377,724189,18246181613
30/08/2019,-1,168.834869,1130,1419,24,Extreme Fear,272237,713194,18157406765
31/08/2019,-1,172.469788,932,1023,20,Extreme Fear,258612,679773,18190459209
01/09/2019,-1,171.629425,810,1057,24,Extreme Fear,249205,690235,18403677968
02/09/2019,-1,178.347351,954,1198,28,Fear,294276,757539,18642093730
03/09/2019,-1,179.499329,998,1435,41,Fear,284649,751224,19264339887
04/09/2019,-1,175.992889,1155,1476,43,Fear,278394,714432,19087054846
05/09/2019,-1,174.217133,1075,1331,41,Fear,308599,769872,18667174348
06/09/2019,-1,169.956177,1086,1375,43,Fear,300690,768500,18731759398
07/09/2019,-1,178.262619,852,1123,39,Fear,268616,677445,18630229960
08/09/2019,-1,181.35553,723,1073,43,Fear,264839,675137,19409676764
09/09/2019,-1,181.14946,947,1190,41,Fear,302061,756508,19376803767
10/09/2019,-1,179.78717,1209,1273,41,Fear,282200,691617,19450862667
11/09/2019,-1,178.725494,1053,1144,38,Fear,284770,705292,19198604176
12/09/2019,-1,181.016098,1026,1227,39,Fear,286828,723726,19253266404
13/09/2019,-1,181.109726,1025,1229,38,Fear,253825,623470,19303704230
14/09/2019,-1,188.105515,983,1076,39,Fear,254716,628467,19682008633
15/09/2019,-1,189.789124,804,1003,38,Fear,262165,633961,20236434020
16/09/2019,-1,197.113174,1165,1294,38,Fear,295705,733010,20746826851
17/09/2019,-1,208.608749,1166,1326,41,Fear,280974,681814,21725749170
18/09/2019,-1,211.393036,1185,1470,38,Fear,286033,708743,22898400225
19/09/2019,-1,221.280853,1185,1383,31,Fear,274872,692484,22769815053
20/09/2019,-1,218.050049,1061,1248,41,Fear,289748,717128,23416013755
21/09/2019,-1,215.516205,833,1102,37,Fear,229948,596973,23348768099
22/09/2019,-1,211.54538,839,1072,37,Fear,217817,576563,22640086375
23/09/2019,-1,201.92131,1033,1324,41,Fear,232918,639394,22390775083
24/09/2019,-1,168.110733,1046,1451,39,Fear,270860,709522,20582357675
25/09/2019,-1,170.8927,1098,1513,15,Extreme Fear,254418,677675,18186887188
26/09/2019,-1,166.727127,989,1343,12,Extreme Fear,246414,657676,18015011375
27/09/2019,-1,174.710999,949,1302,24,Extreme Fear,242952,623632,17996505122
28/09/2019,-1,174.572891,729,1205,32,Fear,235064,607857,18702585814
29/09/2019,-1,170.503479,679,1209,33,Fear,210003,591986,18346909672
30/09/2019,-1,179.872208,1024,1418,27,Fear,249904,683924,18639442611
01/10/2019,-1,177.340424,1027,1328,38,Fear,254363,645073,19339535750
02/10/2019,-1,180.71051,907,1168,39,Fear,250918,627137,19044971151
03/10/2019,-1,175.199341,947,1203,37,Fear,221114,615189,19003925206
04/10/2019,-1,176.985001,825,1169,30,Fear,217121,590197,18868072636
05/10/2019,-1,176.351517,748,1155,31,Fear,227957,595118,18896149534
06/10/2019,-1,173.059143,780,1154,32,Fear,217326,571769,18697020565
07/10/2019,-1,181.18634,1114,1454,27,Fear,235030,629382,18937605465
08/10/2019,-1,182.021561,1178,1430,39,Fear,252556,710373,19494324865
09/10/2019,-1,193.293259,1241,1595,37,Fear,279085,751354,20072704642
10/10/2019,-1,191.659668,1196,1684,41,Fear,266237,706127,20695297689
11/10/2019,-1,182.569687,1227,1551,39,Fear,265384,702673,20066412953
12/10/2019,-1,180.826645,885,1309,38,Fear,234523,634450,19748382083
13/10/2019,-1,182.07515,828,1255,38,Fear,213459,566845,19723789018
14/10/2019,-1,186.960907,1024,1483,37,Fear,240329,650601,19872613709
15/10/2019,-1,181.406067,975,1522,39,Fear,253394,690703,19804562455
16/10/2019,-1,176.013504,942,1456,40,Fear,244381,694589,19148835480
17/10/2019,-1,178.028351,929,1411,40,Fear,242413,703704,19030940094
18/10/2019,-1,173.621338,969,1460,40,Fear,268990,733646,18803834707
19/10/2019,-1,172.913025,818,1266,41,Fear,240435,665170,18709068874
20/10/2019,-1,175.534378,769,1190,37,Fear,220164,612341,18667405025
21/10/2019,-1,174.92099,1008,1384,37,Fear,245725,678528,18886557845
22/10/2019,-1,172.300858,1129,1501,39,Fear,251041,726230,18770484234
23/10/2019,-1,162.402786,1019,1445,33,Fear,244335,736388,17792045435
24/10/2019,-1,162.168549,1018,1347,20,Extreme Fear,243599,724917,17468099274
25/10/2019,-1,181.523209,1112,1443,24,Extreme Fear,253161,741655,18297612767
26/10/2019,-1,179.83548,896,1243,53,Neutral,251539,716822,19739031351
27/10/2019,-1,184.242218,825,1179,50,Neutral,223638,642955,19714616909
28/10/2019,-1,182.662811,1081,1576,52,Neutral,255089,721335,19894951107
29/10/2019,-1,190.342575,1072,1693,54,Neutral,252475,707622,20192300466
30/10/2019,-1,184.692169,1030,1568,53,Neutral,250165,717618,20028789029
31/10/2019,-1,183.966919,1020,1414,50,Neutral,248708,744118,19802921703
01/11/2019,-1,183.969894,971,1281,49,Neutral,248286,705019,19715879099
02/11/2019,-1,183.92572,728,1143,51,Neutral,216218,590976,19860055670
03/11/2019,-1,182.425018,726,1146,56,Greed,208579,571113,19759338250
04/11/2019,-1,186.355194,954,1369,49,Neutral,238737,670783,19936082471
05/11/2019,-1,189.304169,1003,1434,54,Neutral,271119,739254,20294792612
06/11/2019,-1,191.593842,989,1440,53,Neutral,250135,707733,20648438161
07/11/2019,-1,187.976547,962,1448,54,Neutral,320428,857371,20363151962
08/11/2019,-1,184.211472,957,1373,42,Fear,253164,699138,20076214891
09/11/2019,-1,185.028717,740,1127,38,Fear,213528,604007,20036459852
10/11/2019,-1,189.47728,703,1150,39,Fear,234323,609364,20316911211
11/11/2019,-1,185.489639,946,1358,40,Fear,263983,710155,20279435487
12/11/2019,-1,186.843414,992,1224,39,Fear,265564,708660,20145406780
13/11/2019,-1,188.258743,1017,1383,38,Fear,258872,713551,20251808345
14/11/2019,-1,185.999634,882,1285,41,Fear,249005,679505,20152486829
15/11/2019,-1,180.521179,879,1199,38,Fear,239616,683049,19758393321
16/11/2019,-1,183.348358,704,1128,41,Fear,214086,596661,19705017316
17/11/2019,-1,185.119232,752,1138,38,Fear,223144,600168,19903432736
18/11/2019,-1,180.559601,905,1379,38,Fear,248950,734472,19721176894
19/11/2019,-1,177.455551,937,1353,32,Fear,249615,735532,19097289833
20/11/2019,-1,175.698349,1019,1429,32,Fear,238121,689771,19078230413
21/11/2019,-1,161.462723,892,1337,30,Fear,267383,762896,18276530061
22/11/2019,-1,150.268173,974,1517,20,Extreme Fear,280676,794748,16681532965
23/11/2019,-1,153.417786,830,1225,23,Extreme Fear,218205,631670,16330767853
24/11/2019,-1,142.834702,752,1159,21,Extreme Fear,199230,596880,16062989922
25/11/2019,-1,146.476532,941,1412,17,Extreme Fear,250899,762888,15472432808
26/11/2019,-1,148.965073,976,1359,21,Extreme Fear,227111,679733,15928565200
27/11/2019,-1,153.010559,1011,1421,20,Extreme Fear,220028,674957,16149532774
28/11/2019,-1,151.717575,904,1251,32,Fear,218051,623080,16561876745
29/11/2019,-1,155.304153,948,1323,31,Fear,241357,670568,16704378552
30/11/2019,-1,152.539688,726,1177,38,Fear,203889,584871,16625854225
01/01/2020,-1,130.802002,519,787,37,Fear,159295,466526,14267183034
02/01/2020,-1,127.410179,696,967,39,Fear,175870,505639,14042469286
03/01/2020,-1,134.171707,705,1025,38,Fear,210313,581641,14242069787
04/01/2020,-1,135.069366,557,810,38,Fear,199485,559074,14529037537
05/01/2020,-1,136.276779,618,921,39,Fear,189356,524664,14775696881
06/01/2020,-1,144.304153,700,1090,41,Fear,221194,626525,15253831829
07/01/2020,-1,143.543991,697,1089,40,Fear,223978,646478,15528292040
08/01/2020,-1,141.258133,683,1058,51,Neutral,233165,653831,15503951638
09/01/2020,-1,138.979202,739,1152,44,Fear,231043,621399,15073087982
10/01/2020,-1,143.963776,793,1121,41,Fear,213327,605095,15135188433
11/01/2020,-1,142.927109,583,889,50,Neutral,196334,549612,15652744922
12/01/2020,-1,145.873932,614,918,45,Fear,180291,523951,15692954877
13/01/2020,-1,144.226593,739,1159,49,Neutral,211198,565389,15623030845
14/01/2020,-1,165.955353,820,1308,56,Greed,244672,671748,16746578360
15/01/2020,-1,166.230682,793,1280,54,Neutral,252357,698399,17845135789
16/01/2020,-1,164.391006,792,1214,55,Greed,260751,693649,17649728778
17/01/2020,-1,170.779953,778,1288,54,Neutral,235030,676556,18370633957
18/01/2020,-1,175.365677,639,1132,51,Neutral,225981,628211,18741392987
19/01/2020,-1,166.969849,634,990,53,Neutral,217486,615368,18517096928
20/01/2020,-1,167.120514,781,1154,48,Neutral,216195,599266,18035400764
21/01/2020,-1,169.697159,873,1292,49,Neutral,213559,558962,18233595548
22/01/2020,-1,168.294159,910,1198,52,Neutral,196159,513767,18313459158
23/01/2020,-1,162.928558,815,1200,49,Neutral,216593,552533,17778558313
24/01/2020,-1,163.051178,786,1110,40,Fear,176400,497135,17491026577
25/01/2020,-1,161.283936,643,921,41,Fear,170004,435515,17428779801
26/01/2020,-1,168.077103,571,975,42,Fear,152762,428839,17757934495
27/01/2020,-1,170.930893,719,1120,50,Neutral,184994,476541,18357052800
28/01/2020,-1,176.370316,762,1239,54,Neutral,191040,526284,18717739032
29/01/2020,-1,175.050339,798,1192,57,Greed,199301,551529,19178744272
30/01/2020,-1,184.690475,897,1182,57,Greed,197856,566052,19256315504
31/01/2020,-1,180.160172,762,1129,55,Greed,204915,583358,19699054051
01/02/2020,-1,183.67395,591,940,57,Greed,193441,545761,19824991337
02/02/2020,-1,188.617538,684,1060,57,Greed,189157,530094,20432500254
03/02/2020,-1,189.865067,796,1150,59,Greed,236771,621191,20658301617
04/02/2020,-1,189.250595,833,1172,56,Greed,203217,524476,20444865957
05/02/2020,-1,204.23024,861,1277,53,Neutral,233597,610780,21368770778
06/02/2020,-1,212.339081,903,1271,61,Greed,234097,606505,22798639262
07/02/2020,-1,222.726059,876,1308,56,Greed,242823,626252,23920901344
08/02/2020,-1,223.146515,736,1104,56,Greed,255952,661649,24258530893
09/02/2020,-1,228.578568,696,1102,56,Greed,258669,628631,24715676760
10/02/2020,-1,223.522705,780,1211,57,Greed,250070,668760,24238035443
11/02/2020,-1,235.851196,870,1297,52,Neutral,269185,709280,24557459122
12/02/2020,-1,265.406128,982,1481,61,Greed,319502,798162,27700565378
13/02/2020,-1,268.099243,1004,1196,65,Greed,294591,764763,29119590647
14/02/2020,-1,284.217499,937,1142,63,Greed,273148,771827,29619636233
15/02/2020,-1,264.728577,801,960,64,Greed,261633,699151,30160560279
16/02/2020,-1,259.894714,801,908,59,Greed,244904,661490,28631061014
17/02/2020,-1,266.363434,933,1030,49,Neutral,260991,695366,27593003143
18/02/2020,-1,281.94458,1045,1223,53,Neutral,274683,733983,29572853693
19/02/2020,-1,259.763977,995,1140,50,Neutral,255674,695837,30223487933
20/02/2020,-1,257.949463,922,1148,44,Fear,252827,689600,28038273647
21/02/2020,-1,265.600616,891,1150,44,Fear,260236,670542,28521847430
22/02/2020,-1,262.331726,684,968,43,Fear,252009,605859,28456047301
23/02/2020,-1,273.75415,703,973,46,Fear,263919,606290,29282473976
24/02/2020,-1,265.216431,843,1140,46,Fear,270231,687702,29081886449
25/02/2020,-1,247.817596,809,1119,44,Fear,244813,670257,27942089874
26/02/2020,-1,225.680267,840,1288,41,Fear,254217,704929,25531807842
27/02/2020,-1,226.753387,797,1148,39,Fear,263926,714482,24666125572
28/02/2020,-1,226.760498,785,1037,40,Fear,255388,688694,24515322258
29/02/2020,-1,219.848511,571,858,38,Fear,230535,620465,24599185846
01/03/2020,-1,218.970596,648,838,39,Fear,225778,628500,23908687483
02/03/2020,-1,230.569778,746,1045,38,Fear,262282,681477,24521418838
03/03/2020,-1,224.47963,816,1046,38,Fear,233347,661419,24693731528
04/03/2020,-1,224.517975,919,1108,40,Fear,246396,663966,24411801482
05/03/2020,-1,229.268188,885,1072,41,Fear,269351,720114,24984078551
06/03/2020,-1,243.525299,847,980,39,Fear,248086,676799,25629907533
07/03/2020,-1,237.853088,616,795,38,Fear,230664,630992,26407124846
08/03/2020,-1,200.689056,655,795,33,Fear,225432,662565,24328453235
09/03/2020,-1,201.986328,786,985,17,Extreme Fear,264282,784085,21842094397
10/03/2020,-1,200.767242,792,942,16,Extreme Fear,251935,760588,21950399282
11/03/2020,-1,194.86853,755,980,17,Extreme Fear,247909,713065,21325048251
12/03/2020,-1,112.347122,877,1298,14,Extreme Fear,250268,760781,16914804881
13/03/2020,-1,133.201813,819,1184,10,Extreme Fear,290208,847947,13465711593
14/03/2020,-1,123.306023,588,823,8,Extreme Fear,248510,681830,14042308431
15/03/2020,-1,125.214302,572,784,12,Extreme Fear,231787,657653,13484627613
16/03/2020,-1,110.605873,656,931,9,Extreme Fear,272475,784094,12325807940
17/03/2020,-1,113.942749,724,962,8,Extreme Fear,273313,763100,12669567187
18/03/2020,-1,114.84227,696,952,11,Extreme Fear,302391,768437,12569080535
19/03/2020,-1,136.593857,717,1029,12,Extreme Fear,362517,864017,13827166501
20/03/2020,-1,132.737167,697,1076,9,Extreme Fear,328086,822158,15197520935
21/03/2020,-1,132.81871,543,802,9,Extreme Fear,390368,857503,14524123248
22/03/2020,-1,123.321152,570,830,11,Extreme Fear,295480,746195,14353949740
23/03/2020,-1,134.911606,691,964,10,Extreme Fear,316061,801238,14102016156
24/03/2020,-1,138.761444,720,909,12,Extreme Fear,309222,791900,15101369616
25/03/2020,-1,136.195892,689,934,13,Extreme Fear,284832,765389,15074721381
26/03/2020,-1,138.361557,685,959,14,Extreme Fear,295289,772649,14942715553
27/03/2020,-1,133.937943,660,915,12,Extreme Fear,296964,748776,15102739895
28/03/2020,-1,130.986496,567,778,8,Extreme Fear,243402,667726,14208110196
29/03/2020,-1,125.583733,610,811,12,Extreme Fear,225262,607984,14171270929
30/03/2020,-1,132.904541,712,913,10,Extreme Fear,269242,724004,14417090285
31/03/2020,-1,133.593567,721,948,12,Extreme Fear,256569,731749,14623432567
01/04/2020,-1,135.634552,597,848,12,Extreme Fear,249259,683007,14534627264
02/04/2020,-1,142.029144,612,864,14,Extreme Fear,264406,720554,15276177857
03/04/2020,-1,142.091309,669,868,14,Extreme Fear,267880,722688,15702595665
04/04/2020,-1,145.219391,552,820,12,Extreme Fear,232113,625952,15668105902
05/04/2020,-1,143.546646,545,755,12,Extreme Fear,224338,614001,15813205348
06/04/2020,-1,169.13588,782,1097,12,Extreme Fear,288424,771300,17103249000
07/04/2020,-1,165.101944,843,1078,20,Extreme Fear,276395,783472,18807127996
08/04/2020,-1,172.641739,739,1001,21,Extreme Fear,342424,830223,18737803986
09/04/2020,-1,170.807144,779,912,22,Extreme Fear,275384,727502,18826537969
10/04/2020,-1,158.412445,703,1004,15,Extreme Fear,269522,745643,17701498488
11/04/2020,-1,158.216019,585,834,15,Extreme Fear,249382,680523,17465826817
12/04/2020,-1,161.142426,551,838,10,Extreme Fear,261362,678530,17624421181
13/04/2020,-1,156.279556,662,1038,11,Extreme Fear,286794,744306,17019486050
14/04/2020,-1,157.59639,795,1244,15,Extreme Fear,327012,813972,17486981308
15/04/2020,-1,153.286896,755,1077,18,Extreme Fear,300348,792152,17452271663
16/04/2020,-1,172.157379,895,1237,13,Extreme Fear,283483,790334,18243136114
17/04/2020,-1,171.63858,797,1114,15,Extreme Fear,304620,785639,18855291941
18/04/2020,-1,186.914001,1076,1359,18,Extreme Fear,309901,783111,19639682340
19/04/2020,-1,181.61496,1282,1486,16,Extreme Fear,292100,741675,20201648640
20/04/2020,-1,172.297165,1161,1467,15,Extreme Fear,318477,828885,19776337129
21/04/2020,-1,172.737701,1110,1602,17,Extreme Fear,308759,812963,18985086816
22/04/2020,-1,182.599579,1047,1359,19,Extreme Fear,300954,790519,19575333821
23/04/2020,-1,185.028671,992,1307,19,Extreme Fear,325328,826397,20460562380
24/04/2020,-1,189.236938,875,1372,20,Extreme Fear,333566,846807,20753779881
25/04/2020,-1,195.515305,729,1220,24,Extreme Fear,302047,792299,21286671075
26/04/2020,-1,197.317535,861,1082,21,Extreme Fear,299059,801949,21588663015
27/04/2020,-1,197.224716,922,1182,28,Fear,321281,841193,21603694238
28/04/2020,-1,198.41539,950,1269,26,Fear,322149,838453,21633460948
29/04/2020,-1,216.968231,967,1222,26,Fear,345258,897881,22936538166
30/04/2020,-1,207.602051,916,1177,44,Fear,339669,899459,23687201251
01/05/2020,-1,214.219101,767,1097,40,Fear,327622,827138,23414272058
02/05/2020,-1,215.325378,654,1330,40,Fear,313649,765990,23572154370
03/05/2020,-1,210.933151,618,1205,45,Fear,330025,789689,23574043182
04/05/2020,-1,208.174011,739,1202,44,Fear,298027,774035,22535527526
05/05/2020,-1,206.774399,710,1149,40,Fear,296348,785518,22792153207
06/05/2020,-1,204.055786,756,1181,42,Fear,315688,833506,22909378779
07/05/2020,-1,212.289413,855,1068,49,Neutral,326720,877129,22908102772
08/05/2020,-1,212.991577,1006,1218,55,Greed,333175,887756,23495972723
09/05/2020,-1,211.600128,845,1071,56,Greed,341423,894382,23512928701
10/05/2020,-1,188.599564,682,939,48,Neutral,331001,879153,20948998323
11/05/2020,-1,185.912842,810,1090,40,Fear,332262,887554,20749655915
12/05/2020,-1,189.3125,1069,1070,39,Fear,315933,880678,20995086175
13/05/2020,-1,199.193283,1040,1084,41,Fear,293787,856962,21455829784
14/05/2020,-1,202.949097,1020,1058,40,Fear,297910,820300,22253289111
15/05/2020,1,195.622665,1012,929,44,Fear,319069,888691,22078903960
16/05/2020,1,200.677124,838,834,41,Fear,310647,875030,22186135445
17/05/2020,-1,207.158691,758,873,40,Fear,297580,808464,22667835615
18/05/2020,-1,214.525055,925,1005,50,Neutral,318949,857645,23607089906
19/05/2020,-1,213.451111,932,952,50,Neutral,328912,848038,23562418762
20/05/2020,-1,210.096741,947,986,52,Neutral,321358,855377,23546246017
21/05/2020,1,199.883606,948,934,49,Neutral,326301,867704,22728535459
22/05/2020,-1,207.169189,1033,1125,42,Fear,337403,916282,22539267176
23/05/2020,-1,208.694397,764,798,40,Fear,333005,868425,23038612241
24/05/2020,-1,202.370346,859,963,43,Fear,300696,825755,22981052883
25/05/2020,-1,205.319748,885,1040,41,Fear,317561,875607,22568285869
26/05/2020,-1,201.902313,972,974,39,Fear,335851,916975,22447980819
27/05/2020,-1,208.863434,1078,1137,39,Fear,332968,896217,22729532646
28/05/2020,-1,219.840424,1089,1097,41,Fear,340054,907265,23311545615
29/05/2020,1,220.675125,1032,1009,48,Neutral,374674,949269,24480632708
30/05/2020,-1,242.345596,907,960,48,Neutral,346995,881950,25774904554
31/05/2020,-1,230.975708,768,846,51,Neutral,328248,850103,26377298345
01/06/2020,-1,246.99176,810,1120,50,Neutral,355227,929874,26523602719
02/06/2020,-1,237.219055,999,1169,56,Greed,388814,980902,27122578746
03/06/2020,-1,244.179321,955,1011,48,Neutral,352013,898364,26549234714
04/06/2020,-1,244.426392,1014,1108,54,Neutral,366835,930407,27034792043
05/06/2020,-1,241.221985,898,988,53,Neutral,347352,901995,27002678521
06/06/2020,1,241.93132,802,771,54,Neutral,332189,946196,26840704646
07/06/2020,-1,245.167252,814,863,54,Neutral,317232,943786,26769799203
08/06/2020,1,246.309906,1004,941,53,Neutral,369337,966206,27066613601
09/06/2020,-1,244.911453,970,976,52,Neutral,361895,923075,27082672880
10/06/2020,-1,247.444946,1045,1084,54,Neutral,348050,939890,27196719060
11/06/2020,-1,231.702667,978,1083,52,Neutral,349349,925331,26921226607
12/06/2020,1,237.49321,964,963,38,Fear,364656,889318,26239287825
13/06/2020,-1,238.908844,857,893,38,Fear,343521,833267,26361234944
14/06/2020,-1,234.1147,867,885,40,Fear,318564,785017,26255355630
15/06/2020,-1,229.928909,907,1074,37,Fear,356076,912281,25319096182
16/06/2020,-1,234.416168,944,1068,39,Fear,352652,904928,25969642418
17/06/2020,-1,233.028275,1065,1090,38,Fear,346857,879736,25969430964
18/06/2020,-1,232.101166,1004,1102,40,Fear,374782,913845,25886349463
19/06/2020,-1,227.13829,988,1081,39,Fear,363156,945942,25586876031
20/06/2020,1,229.274261,893,888,38,Fear,366642,941415,25483447405
21/06/2020,-1,228.989822,783,879,37,Fear,350978,987058,25593151862
22/06/2020,-1,242.533188,1137,1192,38,Fear,385734,1092083,26494315034
23/06/2020,-1,244.142151,968,1173,41,Fear,401405,1119442,27081200544
24/06/2020,-1,235.772461,1007,1229,50,Neutral,381492,1070862,26745071803
25/06/2020,-1,232.944489,942,1017,43,Fear,377998,1041742,26004097531
26/06/2020,-1,229.668045,876,1049,40,Fear,380731,1017505,25744843752
27/06/2020,-1,222.959793,850,892,43,Fear,375433,1017138,25353715086
28/06/2020,-1,225.347168,876,929,40,Fear,384846,997731,24860526807
29/06/2020,1,228.19487,1156,1089,41,Fear,445326,1056189,25080931977
30/06/2020,-1,226.315002,1042,1056,44,Fear,424414,1111318,25246259091
01/07/2020,-1,231.113419,1091,1121,42,Fear,411699,1044438,25454416463
02/07/2020,-1,229.392197,1065,1083,42,Fear,406711,1039119,25499234910
03/07/2020,-1,225.38707,1103,1147,41,Fear,388347,1022098,25303728249
04/07/2020,1,229.074112,998,791,40,Fear,384319,946287,25307604961
05/07/2020,1,227.664597,896,800,38,Fear,344150,880075,25274447419
06/07/2020,1,241.510223,1273,1134,40,Fear,382756,1020012,26120514122
07/07/2020,1,239.075531,1272,1154,43,Fear,406188,1064506,26601832966
08/07/2020,1,246.670013,1244,1159,44,Fear,406388,1092210,27149995555
09/07/2020,1,243.015961,1232,1135,44,Fear,404057,1070343,27217782950
10/07/2020,1,240.984985,1164,1138,41,Fear,385148,1034806,26734803566
11/07/2020,-1,239.458176,986,1047,44,Fear,391142,982930,26764214523
12/07/2020,1,242.131699,931,896,41,Fear,372090,997960,26768967560
13/07/2020,-1,239.604584,982,1044,43,Fear,422083,1151834,27054971352
14/07/2020,-1,240.211487,1072,1098,43,Fear,418471,1098661,26766273353
15/07/2020,-1,238.423523,1044,1077,44,Fear,436128,1111360,26735721114
16/07/2020,1,233.640884,971,891,43,Fear,394000,1068620,26197654559
17/07/2020,-1,232.773087,852,983,41,Fear,385733,1078101,26070671973
18/07/2020,-1,235.48381,759,875,44,Fear,362714,1071509,26205592876
19/07/2020,-1,238.487518,832,871,41,Fear,375637,1082448,26271596776
20/07/2020,-1,236.153168,1025,1177,44,Fear,413162,1143700,26606411479
21/07/2020,-1,245.016724,1123,1136,44,Fear,377815,1120095,27019923340
22/07/2020,-1,262.190643,1189,1401,50,Neutral,397424,1138040,27444243925
23/07/2020,-1,274.689056,1454,1481,55,Greed,414992,1147143,29901461717
24/07/2020,-1,279.215424,1262,1344,53,Neutral,392813,1146282,30841252159
25/07/2020,1,304.056763,1223,1197,55,Greed,414293,1175506,32188468307
26/07/2020,1,309.643616,1247,1227,55,Greed,415912,1137893,34355262213
27/07/2020,1,321.514099,1578,1575,58,Greed,452901,1261456,36005433157
28/07/2020,1,316.657257,1352,1227,76,Extreme Greed,484572,1222353,35480594845
29/07/2020,1,318.190887,1291,1199,71,Greed,412271,1163851,35746643054
30/07/2020,1,334.586639,1605,1262,76,Extreme Greed,417721,1164479,36010074369
31/07/2020,1,345.554657,1420,1224,75,Greed,424884,1218838,38057898522
01/08/2020,1,385.199707,1359,1340,75,Greed,444440,1171566,40487397050
02/08/2020,-1,370.671722,1660,1726,80,Extreme Greed,429791,1125886,42423426175
03/08/2020,1,386.295166,1494,1252,75,Greed,447624,1176793,43368125346
04/08/2020,1,389.875488,1549,1287,72,Greed,457094,1164208,43816992662
05/08/2020,1,401.590576,1477,1310,75,Greed,461384,1182699,44173389481
06/08/2020,-1,394.961945,1445,1535,79,Extreme Greed,465284,1215885,44449353714
07/08/2020,-1,379.512848,1223,1767,77,Extreme Greed,441552,1249695,43578110185
08/08/2020,1,393.987366,1055,1025,77,Extreme Greed,417797,1182406,43220263682
09/08/2020,1,391.120453,1059,987,79,Extreme Greed,391435,1229151,43911342560
10/08/2020,1,395.887573,1337,1216,78,Extreme Greed,411595,1289980,44257636303
11/08/2020,1,380.384064,1298,1189,84,Extreme Greed,405350,1254244,43464783449
12/08/2020,1,391.02417,1328,1236,75,Greed,351422,1229214,42743500619
13/08/2020,1,428.741791,1526,1484,75,Greed,377816,1209139,44286596280
14/08/2020,-1,437.397827,1445,1525,78,Extreme Greed,391305,1201546,48139329065
15/08/2020,-1,433.354919,1205,1288,79,Extreme Greed,402008,1107833,48895113724
16/08/2020,-1,433.786621,1067,1139,82,Extreme Greed,396728,1152369,47999551651
17/08/2020,-1,429.53125,1252,1300,83,Extreme Greed,398428,1181976,48321849380
18/08/2020,1,423.669312,1341,1243,82,Extreme Greed,388973,1229256,47995026121
19/08/2020,1,406.463776,1290,1279,80,Extreme Greed,396285,1216891,46185622620
20/08/2020,1,416.439789,1324,1221,75,Greed,394016,1182994,46163564212
21/08/2020,1,389.126343,1273,1209,81,Extreme Greed,418943,1256752,45599879080
22/08/2020,1,395.835144,1219,929,78,Extreme Greed,377006,1102479,43747655157
23/08/2020,1,391.384491,1097,836,76,Extreme Greed,391132,1122524,43884331270
24/08/2020,1,408.144196,1239,1058,78,Extreme Greed,397914,1162182,44979716402
25/08/2020,1,384.001038,1408,1142,75,Greed,385868,1138199,43945355558
26/08/2020,1,386.466125,1395,1164,76,Extreme Greed,397722,1166218,43256831193
27/08/2020,1,382.632629,1423,1320,75,Greed,391712,1136576,43096839479
28/08/2020,1,395.874664,1321,1243,74,Greed,370248,1131912,43849464999
29/08/2020,1,399.921478,1265,1099,79,Extreme Greed,341047,1130992,44705738516
30/08/2020,1,428.395721,1212,1141,75,Greed,316417,1142415,46007348760
31/08/2020,1,435.079742,1523,1374,75,Greed,371267,1235856,47836146348
01/09/2020,1,477.05191,2017,1726,75,Greed,367221,1245701,51532928241
02/09/2020,1,440.040497,1621,1540,83,Extreme Greed,349031,1181212,50461826334
03/09/2020,1,385.671936,1565,1418,79,Extreme Greed,351151,1149636,46920175569
04/09/2020,1,388.24115,1545,1282,40,Fear,393339,1141207,43458888090
05/09/2020,1,335.260071,1447,1263,41,Fear,315690,1040906,40649192207
06/09/2020,1,353.362274,1293,1168,41,Fear,347957,1026667,38830870179
07/09/2020,1,352.673492,1312,1215,41,Fear,352857,1051480,39004023777
08/09/2020,1,337.602112,1489,1233,41,Fear,343663,1026700,38638126869
09/09/2020,1,351.110016,1419,1309,38,Fear,320893,1052603,39029821340
10/09/2020,1,368.101898,1506,1238,38,Fear,316192,1120964,41213478402
11/09/2020,1,374.695587,1473,1341,41,Fear,311490,1074413,41152437968
12/09/2020,1,387.183105,1323,1230,41,Fear,312900,1034584,41907711053
13/09/2020,-1,365.570007,1139,1174,38,Fear,291066,1042047,41970280565
14/09/2020,-1,377.26886,1328,1481,39,Fear,313934,1079688,41682754909
15/09/2020,1,364.839203,1408,1371,47,Neutral,340740,1089837,41914196734
16/09/2020,1,365.812286,1486,1386,43,Fear,316213,1035013,41206465061
17/09/2020,1,389.019226,1535,1416,48,Neutral,445217,1406016,42972984781
18/09/2020,1,384.364532,1470,1409,49,Neutral,428743,1244808,43287510592
19/09/2020,1,385.544373,1292,1180,48,Neutral,379637,1090001,43150877664
20/09/2020,1,371.052826,1172,1131,52,Neutral,402408,1095309,42457495313
21/09/2020,1,341.786072,1433,1366,48,Neutral,401767,1133662,40228744272
22/09/2020,1,344.503174,1421,1265,39,Fear,367103,1081497,38610568995
23/09/2020,1,321.116302,1476,1249,43,Fear,377128,1084100,37947415443
24/09/2020,1,349.355591,1463,1329,39,Fear,392544,1087537,37758939953
25/09/2020,1,352.183258,1464,1319,46,Fear,358513,1034790,39120343263
26/09/2020,1,355.488098,1345,1173,45,Fear,357624,984559,39727397152
27/09/2020,1,357.438507,1218,1100,47,Neutral,348447,966479,40025975231
28/09/2020,1,355.159424,1468,1436,43,Fear,370708,1080187,40668342369
29/09/2020,1,359.757385,1515,1335,45,Fear,370761,1088234,40129528865
30/09/2020,1,359.937866,1452,1250,49,Neutral,368437,1079040,40211921988
01/10/2020,1,353.205902,1287,1170,45,Fear,361319,1018741,40636249574
02/10/2020,-1,346.238922,1006,1219,41,Fear,352205,1002138,38909141647
03/10/2020,-1,346.522095,847,1004,40,Fear,328233,956528,39200137940
04/10/2020,-1,352.57901,776,987,42,Fear,339462,985452,39342098538
05/10/2020,-1,353.956787,1018,1183,42,Fear,328559,1027690,39778145131
06/10/2020,-1,340.815857,1157,1240,47,Neutral,350221,1083502,39344170734
07/10/2020,-1,341.808655,1094,1281,43,Fear,352705,1035384,38366213556
08/10/2020,-1,350.766144,1211,1260,46,Fear,349359,1019446,38816785743
09/10/2020,-1,365.590485,1139,1253,48,Neutral,374349,1049571,40324893145
10/10/2020,-1,370.96759,1001,1184,53,Neutral,365867,1036351,42189659370
11/10/2020,-1,375.142059,858,1106,55,Greed,356874,1004701,42163564867
12/10/2020,-1,387.731262,1241,1333,52,Neutral,371009,1092162,42830237861
13/10/2020,-1,381.190765,1192,2028,56,Greed,405963,1127396,43212049711
14/10/2020,-1,379.484039,1265,2468,53,Neutral,393764,1093927,42975263463
15/10/2020,-1,377.441833,1118,1262,56,Greed,533511,1249576,42595675431
16/10/2020,-1,366.229004,991,3378,52,Neutral,483916,1161135,41792476293
17/10/2020,-1,368.855927,905,3440,56,Greed,431067,1051772,41549095303
18/10/2020,-1,378.213684,879,4805,55,Greed,367266,995711,42196882961
19/10/2020,-1,379.935608,991,1914,55,Greed,396357,1128930,42711983663
20/10/2020,-1,369.136902,1033,1333,56,Greed,389225,1105678,42265122043
21/10/2020,-1,392.189972,1449,1635,61,Greed,421969,1159354,43456508705
22/10/2020,-1,413.77298,1341,1602,73,Greed,452632,1189043,45975664276
23/10/2020,-1,409.766693,1247,1468,74,Greed,430670,1132837,46684347444
24/10/2020,-1,412.457611,1059,1158,73,Greed,394318,1012156,46656124532
25/10/2020,-1,406.217773,1013,1149,76,Extreme Greed,350599,965206,46332490577
26/10/2020,-1,393.888306,1167,1363,75,Greed,382457,1086139,45411074338
27/10/2020,-1,403.99704,1185,1405,61,Greed,386285,1078466,45230438397
28/10/2020,-1,388.650757,895,1389,70,Greed,409334,1139608,44606623506
29/10/2020,-1,386.730103,992,1335,67,Greed,377289,1107849,44038887974
30/10/2020,-1,382.819977,928,1292,74,Greed,390866,1111013,43297473286
31/10/2020,-1,386.590332,761,1143,73,Greed,411117,1089587,43803552325
01/11/2020,-1,396.358185,890,1185,72,Greed,383398,1050753,44052559039
02/11/2020,-1,383.156738,1195,3353,71,Greed,416670,1156870,44215670708
03/11/2020,-1,387.602173,1088,3398,71,Greed,410326,1119359,43118282221
04/11/2020,-1,402.141998,1191,2352,74,Greed,465901,1137324,44091767235
05/11/2020,-1,414.067352,1268,2000,72,Greed,426633,1128431,46143774629
06/11/2020,-1,454.719299,1340,1752,90,Extreme Greed,459937,1171971,49677931360
07/11/2020,-1,435.713135,982,1422,88,Extreme Greed,433313,1131722,51355260975
08/11/2020,-1,453.554779,854,1201,82,Extreme Greed,397032,1016465,50522834361
09/11/2020,-1,444.163055,1159,1482,90,Extreme Greed,431764,1147695,50908996547
10/11/2020,-1,449.679626,1182,1411,90,Extreme Greed,417243,1157455,50816313089
11/11/2020,1,462.960541,1625,1594,86,Extreme Greed,427869,1096582,52556764778
12/11/2020,-1,461.00528,1360,1626,87,Extreme Greed,409178,1099253,52222107493
13/11/2020,-1,474.626434,1207,1447,89,Extreme Greed,426682,1156377,52975260765
14/11/2020,0,460.149841,989,688,90,Extreme Greed,425066,1067063,52613383585
15/11/2020,0,447.559082,838,756,86,Extreme Greed,385068,1037428,51673927487
16/11/2020,0,459.940308,924,912,90,Extreme Greed,417196,1105512,51738393720
17/11/2020,1,480.360077,1671,1108,86,Extreme Greed,435594,1173012,53417731913
18/11/2020,-1,479.48407,1022,1042,91,Extreme Greed,416577,1120798,54283181256
19/11/2020,-1,471.630432,827,1019,94,Extreme Greed,436937,1122748,53863371588
20/11/2020,-1,509.744568,1250,1440,86,Extreme Greed,442114,1162871,56536329647
21/11/2020,-1,549.486633,913,1136,91,Extreme Greed,464448,1172183,59431059105
22/11/2020,-1,558.068115,961,1077,94,Extreme Greed,451267,1148006,62200418544
23/11/2020,-1,608.454041,1272,1576,90,Extreme Greed,469915,1213632,66663990292
24/11/2020,-1,603.897766,1419,1620,88,Extreme Greed,460524,1240072,69054347752
25/11/2020,-1,570.686646,1063,1253,94,Extreme Greed,477885,1205924,67239991438
26/11/2020,-1,518.801147,1021,1114,93,Extreme Greed,417612,1173330,59254123143
27/11/2020,0,517.493713,855,906,86,Extreme Greed,446478,1102889,58430782421
28/11/2020,-1,538.229797,779,786,87,Extreme Greed,408303,992335,59693807462
29/11/2020,1,575.758057,799,789,89,Extreme Greed,440192,993930,62527302126
30/11/2020,1,614.842529,1261,1159,88,Extreme Greed,430099,1183915,67471025962
01/12/2020,1,587.324158,1460,1416,95,Extreme Greed,438073,1172361,68561448547
02/12/2020,1,598.352356,1126,1123,92,Extreme Greed,403142,1071389,67424332064
03/12/2020,-1,616.70874,1037,1063,92,Extreme Greed,410608,1114178,68867173619
04/12/2020,-1,569.354187,971,1019,92,Extreme Greed,410141,1134337,67897663570
05/12/2020,-1,596.595459,734,740,93,Extreme Greed,401719,1055722,66795290398
06/12/2020,-1,601.908997,822,897,95,Extreme Greed,376885,1034515,67785938031
07/12/2020,-1,591.843384,992,1067,94,Extreme Greed,395197,1102501,67581252696
08/12/2020,1,554.827759,1086,1044,95,Extreme Greed,403949,1149816,65996956608
09/12/2020,-1,573.479126,935,1045,86,Extreme Greed,401998,1150822,63697896538
10/12/2020,-1,559.678528,850,1062,94,Extreme Greed,381124,1092429,63991075371
11/12/2020,-1,545.797363,872,1032,89,Extreme Greed,403955,1122160,62156477074
12/12/2020,-1,568.567322,732,869,90,Extreme Greed,425305,1092064,63603071003
13/12/2020,-1,589.663208,687,901,91,Extreme Greed,453642,1142703,66128516593
14/12/2020,-1,586.011169,773,943,95,Extreme Greed,470822,1241593,66560148571
15/12/2020,-1,589.355591,833,953,91,Extreme Greed,444755,1215285,66871715262
16/12/2020,-1,636.181824,1173,1547,92,Extreme Greed,488008,1261767,68666279764
17/12/2020,-1,642.868958,1149,1302,92,Extreme Greed,537242,1342281,74173427174
18/12/2020,-1,654.811951,1001,1234,95,Extreme Greed,476663,1193950,73626723357
19/12/2020,-1,659.297913,794,1042,93,Extreme Greed,477560,1162872,74785644445
20/12/2020,1,638.290833,893,884,92,Extreme Greed,404962,1074305,73932221969
21/12/2020,-1,609.817871,946,1084,92,Extreme Greed,403845,1146949,71141544272
22/12/2020,-1,634.854187,1039,1046,88,Extreme Greed,407729,1147101,70012589620
23/12/2020,-1,583.7146,845,998,93,Extreme Greed,458030,1254308,69727710854
24/12/2020,-1,611.607178,798,925,86,Extreme Greed,426189,1142743,66920036302
25/12/2020,-1,626.410706,553,723,94,Extreme Greed,401214,1140417,70257009801
26/12/2020,-1,635.835815,680,821,93,Extreme Greed,407771,1139562,71874072129
27/12/2020,-1,682.642334,966,1527,91,Extreme Greed,429897,1177372,75386130383
28/12/2020,-1,730.397339,1217,1637,92,Extreme Greed,465651,1256783,82572772374
29/12/2020,-1,731.520142,966,1321,91,Extreme Greed,452769,1206703,82058302031
30/12/2020,-1,751.618958,994,1166,91,Extreme Greed,451586,1227653,83882375417
31/12/2020,-1,737.803406,955,1034,95,Extreme Greed,426829,1163876,84951925021
